left_x,left_y,right_x,right_y,horizontalRatio,verticalRatio,cursor_x,cursor_y
581,354,688,347,0.6135522664199815,0.7333333333333333,613.27734375,387.90234375
579,356,684,348,0.6111111111111112,0.7846153846153847,613.27734375,387.90234375
576,355,685,348,0.5888888888888888,0.7666666666666666,613.27734375,387.90234375
574,356,683,349,0.5502415458937198,0.775,613.27734375,387.90234375
578,357,683,349,0.6063829787234043,0.7416666666666667,613.27734375,387.90234375
578,357,683,350,0.6048309178743961,0.7678571428571428,613.27734375,387.90234375
577,357,683,350,0.5988179669030733,0.7678571428571428,609.0234375,381.296875
578,358,684,349,0.6086956521739131,0.7571428571428571,577.80078125,353.3671875
579,357,684,349,0.6007905138339921,0.7416666666666667,506.69140625,310.68359375
581,357,688,351,0.625,0.7928571428571429,395.328125,255.1015625
583,358,689,351,0.6205673758865249,0.7416666666666667,384.92578125,251.71484375
585,358,692,351,0.624190564292322,0.7666666666666666,344.71875,225.31640625
588,357,695,351,0.648792270531401,0.7678571428571428,315.42578125,214.69140625
590,358,697,351,0.6456984273820536,0.7083333333333333,268.5859375,198.55078125
592,357,698,352,0.6312056737588652,0.7333333333333333,196.8984375,193.9375
595,358,701,353,0.6522727272727273,0.7666666666666666,178.22265625,190.98828125
594,358,701,352,0.6599033816425122,0.7083333333333333,153.609375,165.8359375
593,358,700,352,0.6379227053140097,0.75,112.59375,140.7109375
593,357,699,353,0.648792270531401,0.7333333333333333,76.0078125,107.265625
593,358,699,352,0.6747044917257683,0.7083333333333333,37.4921875,54.75
593,357,700,352,0.6818840579710145,0.6966911764705883,0.0,0.0
593,358,699,352,0.6640661938534279,0.71875,0.0,4.83203125
592,358,699,352,0.6778445883441258,0.71875,27.640625,98.6171875
593,359,700,354,0.6793478260869565,0.7279411764705883,19.9375,144.84765625
594,359,700,354,0.6747474747474748,0.7416666666666667,33.7578125,175.12109375
594,359,700,355,0.6630434782608696,0.71875,44.84375,304.9609375
595,362,703,357,0.6780758556891766,0.71875,29.15625,354.7578125
595,362,701,358,0.6633838383838384,0.7416666666666667,40.90234375,456.07421875
596,363,702,359,0.6596618357487922,0.7416666666666667,33.9765625,563.69140625
596,365,703,361,0.6710144927536232,0.71875,33.9765625,564.859375
596,367,703,362,0.6640661938534279,0.775,35.03125,645.4375
597,367,703,363,0.6672062904717854,0.7678571428571428,29.953125,673.7734375
596,369,704,364,0.675177304964539,0.75,34.12109375,711.0078125
596,370,702,365,0.6640661938534279,0.7928571428571429,27.28515625,759.48046875
594,370,701,365,0.6607833655705997,0.7416666666666667,8.3828125,776.37890625
592,372,699,366,0.6636363636363636,0.7846153846153847,2.2421875,782.44921875
593,372,700,366,0.6969267139479906,0.7928571428571429,32.7109375,782.44921875
592,372,699,367,0.6764408493427705,0.7774725274725275,124.3828125,765.1640625
591,372,698,366,0.6566205533596838,0.7083333333333333,403.9609375,730.9140625
589,373,695,367,0.6295454545454545,0.7928571428571429,407.1015625,733.9765625
586,374,692,367,0.6297979797979798,0.7571428571428571,478.41015625,756.87109375
584,375,690,367,0.6136363636363636,0.7678571428571428,549.79296875,797.90625
582,375,690,367,0.5962121212121212,0.7214285714285715,549.79296875,797.90625
582,375,688,367,0.6157004830917875,0.7416666666666667,568.3984375,757.38671875
580,375,687,367,0.6075757575757575,0.7846153846153847,598.5625,759.4375
577,375,684,367,0.6136363636363636,0.7678571428571428,620.01953125,759.23046875
576,376,682,368,0.6111111111111112,0.7928571428571429,637.2421875,761.9921875
575,377,682,367,0.625,0.7333333333333334,759.02734375,754.89453125
571,376,678,367,0.5899209486166008,0.7774725274725275,803.671875,736.6171875
572,377,678,368,0.6222222222222222,0.7857142857142857,835.79296875,756.328125
571,378,678,369,0.5689922480620155,0.7846153846153847,937.515625,768.0546875
571,378,678,368,0.5636892177589852,0.7,947.26171875,766.30078125
572,379,678,369,0.5636892177589852,0.7666666666666666,1059.21875,754.8125
571,379,677,369,0.5666666666666667,0.75,1105.26171875,757.6484375
570,378,677,368,0.5621212121212121,0.7238095238095238,1130.0625,752.125
564,379,673,368,0.5111111111111111,0.7666666666666666,1249.51953125,779.18359375
566,378,673,368,0.5444444444444444,0.7333333333333333,1259.203125,780.13671875
563,379,671,369,0.4952020202020202,0.80625,1262.65625,780.88671875
565,379,672,369,0.5333333333333333,0.8285714285714285,1262.65625,780.88671875
564,379,670,369,0.5285353535353535,0.7857142857142857,1273.45703125,675.6796875
564,379,670,369,0.5434782608695652,0.7333333333333333,1270.9609375,621.62890625
563,379,670,369,0.5391304347826087,0.7595238095238095,1271.94921875,599.15234375
561,379,667,369,0.5326086956521738,0.7333333333333333,1267.30859375,505.95703125
556,378,666,368,0.5108695652173914,0.7279411764705883,1258.31640625,450.0234375
558,378,665,368,0.5434782608695652,0.6966911764705883,1258.31640625,446.109375
558,378,663,367,0.5372340425531915,0.6875,1270.140625,380.140625
553,377,662,367,0.48913043478260865,0.7352941176470589,1270.48046875,365.27734375
555,377,662,367,0.5372340425531915,0.6966911764705883,1268.12890625,285.59375
559,377,665,367,0.5434782608695652,0.7058823529411765,1267.0859375,240.55859375
558,377,665,366,0.5370027752081405,0.6862745098039216,1267.0859375,194.73828125
559,376,665,365,0.5372340425531915,0.6764705882352942,1266.42578125,116.01171875
560,376,664,365,0.5434782608695652,0.6862745098039216,1270.90234375,28.15234375
558,377,664,364,0.5319148936170213,0.6388888888888888,1270.45703125,2.859375
560,376,665,365,0.5425531914893618,0.6666666666666666,1268.5078125,0.0
561,376,667,365,0.5710144927536231,0.6862745098039216,1260.34765625,0.0
562,376,668,366,0.5869565217391304,0.7058823529411765,1136.8359375,0.0
563,376,669,366,0.5851063829787234,0.7058823529411765,1045.00390625,0.0
564,378,669,366,0.5851063829787234,0.6944444444444444,1000.796875,0.0
563,376,668,365,0.5703052728954672,0.6584967320261439,1000.33203125,0.0
563,376,669,365,0.5638297872340425,0.6764705882352942,961.62109375,7.25390625
564,377,670,366,0.5652173913043479,0.7058823529411765,902.15625,19.9375
565,376,671,366,0.5911193339500462,0.71875,850.82421875,27.8359375
565,377,672,366,0.5811748381128585,0.684640522875817,850.82421875,27.8359375
566,377,672,367,0.5802497687326549,0.7140522875816994,779.09765625,48.66796875
568,376,674,367,0.5760869565217391,0.7058823529411765,731.7265625,41.28125
570,377,676,367,0.6024514338575393,0.6862745098039216,688.20703125,30.22265625
570,377,676,366,0.5978260869565217,0.6388888888888888,645.890625,27.046875
571,377,676,367,0.6024514338575393,0.6491228070175439,613.140625,5.796875
572,378,678,368,0.6041666666666667,0.7032163742690059,599.4765625,0.0
573,377,680,368,0.6026827012025902,0.6861111111111111,599.4765625,0.93359375
574,377,681,368,0.6086956521739131,0.65,601.28515625,116.08984375
576,379,682,371,0.6063829787234043,0.7361111111111112,604.125,182.25
575,379,681,371,0.5918131359851989,0.6921052631578948,607.60546875,206.8671875
576,380,682,373,0.5957446808510638,0.7222222222222222,613.05078125,288.84375
575,382,681,373,0.6086956521739131,0.72953216374269,616.86328125,326.87109375
574,383,681,374,0.6170212765957447,0.7309941520467836,619.984375,361.19921875
575,384,682,376,0.6170212765957447,0.72953216374269,623.80859375,406.4765625
575,384,682,376,0.6026827012025902,0.7184210526315788,634.859375,433.05859375
573,385,680,378,0.6017576318223867,0.7222222222222222,613.8359375,430.92578125
576,386,682,378,0.6048309178743961,0.7309941520467836,511.35546875,412.25
578,385,684,377,0.6195652173913044,0.6671052631578948,418.8046875,395.57421875
577,385,683,378,0.6222222222222222,0.6842105263157895,386.69140625,395.59375
582,385,689,379,0.631678486997636,0.6578947368421053,376.33203125,395.59375
587,383,694,378,0.6214539007092199,0.7222222222222222,314.42578125,407.16796875
590,384,697,378,0.624190564292322,0.6666666666666667,271.25,385.13671875
591,384,697,379,0.6390398550724637,0.6687306501547987,240.1015625,360.3359375
592,384,699,381,0.6456984273820536,0.7058823529411765,220.28515625,328.40625
595,384,700,380,0.6345975948196114,0.6985294117647058,216.734375,300.37890625
595,385,701,381,0.6529550827423167,0.71875,213.6875,258.2890625
593,385,700,381,0.6376811594202898,0.6769005847953216,214.29296875,251.89453125
592,385,699,379,0.6707729468599034,0.6388888888888888,225.84375,238.41015625
591,386,698,381,0.6576388888888889,0.6862745098039216,245.60546875,205.12109375
590,385,698,379,0.6566205533596838,0.6944444444444444,278.8046875,191.33984375
590,385,697,379,0.6379227053140097,0.6578947368421053,317.40625,178.2578125
590,384,697,380,0.6456984273820536,0.6862745098039216,340.46484375,152.546875
590,385,698,379,0.6394927536231885,0.6578947368421053,362.31640625,161.82421875
590,386,697,378,0.6390398550724637,0.6388888888888888,439.21875,160.82421875
588,386,695,380,0.6063829787234043,0.631578947368421,503.2578125,170.10546875
580,389,688,382,0.612395929694727,0.6388888888888888,596.77734375,181.5703125
578,388,685,381,0.5918131359851989,0.6671052631578948,681.34375,181.63671875
577,389,683,382,0.5828502415458937,0.6842105263157895,822.8515625,154.98046875
574,391,680,380,0.5687056737588652,0.6981424148606811,854.83203125,146.65625
571,390,676,379,0.5580673758865249,0.6424148606811146,954.59375,187.44140625
569,390,676,380,0.5680407801418439,0.6754385964912281,976.62890625,171.234375
568,390,674,379,0.5680407801418439,0.6861111111111111,1045.77734375,148.38671875
565,390,671,378,0.5576241134751774,0.6769005847953216,1058.31640625,149.53125
561,391,667,380,0.5425531914893618,0.6491228070175439,1122.9921875,140.69140625
558,391,664,381,0.5363475177304965,0.6944444444444444,1160.03125,163.01953125
552,392,662,382,0.5046542553191489,0.695046439628483,1179.48828125,258.86328125
551,394,661,384,0.5046253469010176,0.7507739938080495,1179.00390625,348.1796875
552,394,661,385,0.5261332099907493,0.7032163742690059,1183.015625,354.54296875
552,394,661,385,0.5154949121184089,0.6921052631578948,1198.74609375,402.79296875
555,396,662,386,0.5372340425531915,0.7255639097744361,1206.86328125,499.59375
552,395,661,385,0.5,0.7507739938080495,1206.86328125,499.59375
555,396,661,385,0.5461309523809523,0.7032163742690059,1210.95703125,547.0390625
553,395,661,385,0.5,0.6921052631578948,1215.38671875,612.8828125
553,396,662,386,0.532608695652174,0.7032163742690059,1214.75,661.9609375
557,398,663,387,0.5372340425531915,0.7184210526315788,1172.578125,691.41796875
558,398,664,388,0.5531914893617021,0.7184210526315788,1110.953125,696.3125
560,398,666,387,0.5696114708603145,0.7361111111111112,1059.0078125,698.328125
560,397,666,387,0.5587419056429233,0.7361111111111112,1052.80078125,684.67578125
560,396,666,387,0.5531914893617021,0.7573529411764706,1054.99609375,579.0390625
561,396,667,385,0.5696114708603145,0.7434640522875817,1030.1640625,497.25390625
558,394,668,385,0.5212765957446808,0.6671052631578948,930.91015625,483.22265625
566,396,672,386,0.5973995271867611,0.7058823529411765,886.1015625,538.15234375
566,399,672,389,0.5978260869565217,0.6862745098039216,818.109375,638.95703125
566,400,672,391,0.5929951690821256,0.75,769.30859375,648.0234375
567,400,674,391,0.6086956521739131,0.7573529411764706,749.34375,653.47265625
567,398,674,388,0.5869565217391304,0.7647058823529411,639.5078125,639.5546875
570,398,675,388,0.6019888991674376,0.7279411764705883,610.60546875,610.3125
572,399,678,389,0.6086956521739131,0.7279411764705883,593.328125,573.484375
573,397,680,389,0.6170212765957447,0.7058823529411765,553.91015625,525.12890625
577,397,683,390,0.623959296947271,0.7279411764705883,524.2578125,500.984375
579,396,685,390,0.6094562647754138,0.7279411764705883,522.83203125,497.73046875
580,396,687,389,0.6268115942028986,0.6862745098039216,476.859375,436.359375
581,395,686,389,0.6184343434343433,0.7279411764705883,446.234375,403.58203125
582,394,689,387,0.624190564292322,0.6764705882352942,409.31640625,336.21875
583,394,689,387,0.6297979797979798,0.6769005847953216,403.60546875,319.07421875
583,394,689,387,0.6268115942028986,0.6862745098039216,402.30859375,315.2578125
583,395,689,388,0.6348288621646623,0.7140522875816994,379.66796875,265.9140625
584,394,691,388,0.6423167848699763,0.7352941176470589,362.74609375,236.9375
585,394,691,387,0.6286231884057971,0.7058823529411764,342.3359375,186.09765625
585,393,691,386,0.6195652173913044,0.6228070175438596,323.53125,167.27734375
586,394,692,387,0.6390398550724637,0.6944444444444444,316.39453125,159.13671875
586,394,694,388,0.6459296947271045,0.7032163742690059,263.12109375,107.89453125
590,393,697,386,0.6563367252543941,0.6769005847953216,228.40234375,89.4296875
591,394,698,388,0.6348288621646623,0.6944444444444444,179.015625,71.32421875
593,395,700,389,0.648792270531401,0.6764705882352942,146.8671875,155.2890625
596,397,702,390,0.6465277777777778,0.6228070175438596,142.73046875,184.8359375
597,398,704,393,0.6599033816425122,0.6862745098039216,142.73046875,185.06640625
598,398,705,393,0.6465277777777778,0.6862745098039216,132.3203125,264.12890625
600,398,706,394,0.6529550827423167,0.7058823529411765,140.45703125,332.3515625
599,398,705,393,0.6529550827423167,0.6985294117647058,143.49609375,372.359375
598,398,704,394,0.6529550827423167,0.7352941176470589,149.6015625,383.10546875
596,394,704,390,0.6707729468599034,0.6966911764705883,160.33203125,414.4375
595,393,703,389,0.6615087040618955,0.6842105263157895,196.0234375,453.1796875
594,392,700,387,0.6531850353892821,0.6754385964912281,218.1875,472.6875
596,393,703,388,0.6534278959810875,0.7279411764705883,241.80859375,478.765625
593,393,700,388,0.6566205533596838,0.7017543859649122,243.71875,478.50390625
590,394,696,388,0.648792270531401,0.6934210526315789,256.59765625,509.98046875
590,395,695,390,0.6561264822134387,0.72953216374269,276.94921875,555.36328125
589,395,694,390,0.6454671600370028,0.7222222222222222,300.890625,582.0625
587,395,692,389,0.6230237154150198,0.7309941520467836,332.49609375,615.85546875
586,394,692,389,0.6268115942028986,0.7222222222222222,378.2734375,630.453125
586,395,693,389,0.648792270531401,0.6861111111111111,409.27734375,612.21875
584,395,689,389,0.6045893719806763,0.75,409.27734375,612.21875
582,391,689,383,0.6363636363636365,0.6739766081871346,445.01953125,592.21875
580,383,684,376,0.6022727272727273,0.7297794117647058,490.1640625,556.39453125
581,382,685,377,0.6184343434343433,0.75,491.05078125,553.97265625
588,380,691,377,0.6136363636363636,0.6985294117647058,491.98046875,553.97265625
608,371,711,384,0.635142118863049,0.7140522875816994,528.140625,525.8828125
618,368,719,389,0.6372093023255814,0.7105263157894737,565.91015625,502.015625
618,367,719,390,0.624031007751938,0.65,572.6875,483.8984375
619,366,721,389,0.6432346723044398,0.6504329004329004,573.1484375,483.8984375
624,356,725,390,0.6563192904656319,0.6447368421052632,627.140625,443.31640625
639,350,737,393,0.6761363636363636,0.5909090909090909,650.8828125,425.94921875
643,350,743,382,0.7158616577221228,0.6407894736842106,654.12890625,422.95703125
633,346,737,367,0.6958874458874459,0.47058823529411764,654.12890625,422.95703125
622,352,727,356,0.6813399778516058,0.4666666666666667,654.12890625,422.95703125
564,376,665,355,0.6243078626799556,0.7361111111111112,654.12890625,422.95703125
571,377,671,352,0.6089052750992626,0.5729166666666666,654.12890625,422.95703125
587,416,673,408,0.5732574679943101,0.6153846153846154,654.12890625,422.95703125
586,423,674,418,0.6351351351351351,0.7348484848484849,671.0859375,408.4453125
582,440,668,432,0.6527777777777778,0.6620879120879121,683.828125,382.125
579,440,666,434,0.6295045045045045,0.7916666666666667,724.72265625,356.1953125
577,425,669,421,0.6690921690921692,0.5666666666666667,744.2578125,330.82421875
570,403,665,393,0.5964912280701754,0.6,778.36328125,259.828125
567,390,666,384,0.6350844277673546,0.71875,778.36328125,259.828125
562,374,659,364,0.558990357345434,0.6083333333333334,788.42578125,259.828125
555,356,661,345,0.5777777777777777,0.6470588235294117,819.19140625,227.49609375
548,346,657,337,0.5729166666666666,0.609907120743034,840.27734375,188.78125
529,340,646,326,0.5776923076923077,0.6198830409356726,878.85546875,151.32421875
519,336,638,320,0.5615021770682148,0.6190476190476191,889.96875,149.87890625
510,335,629,317,0.5655270655270654,0.5952380952380952,964.828125,149.453125
484,339,601,312,0.5483249903735079,0.5909090909090908,1007.15234375,139.71875
449,350,559,309,0.5414676508901433,0.5552536231884058,1066.1328125,87.06640625
409,362,515,312,0.49905303030303033,0.5289408866995073,1066.1328125,87.06640625
388,363,493,317,0.5314200890648194,0.6362876254180602,1086.90234375,85.3515625
277,380,376,352,0.5123398196487897,0.7184210526315788,1206.984375,110.734375
315,370,423,359,0.5594405594405594,0.6583333333333333,1227.94140625,176.27734375
356,397,462,391,0.5361111111111111,0.6862745098039216,1229.453125,229.1953125
380,425,484,410,0.503968253968254,0.6527777777777778,1229.453125,229.1953125
403,453,503,434,0.5296167247386759,0.630718954248366,1229.453125,229.1953125
425,458,521,446,0.4933139534883721,0.7529411764705882,1229.453125,229.1953125
449,471,541,457,0.5244047619047619,0.6584967320261439,1225.23828125,306.40234375
474,471,566,460,0.5057926829268293,0.6672794117647058,1220.7109375,490.5234375
499,449,586,440,0.5455712451861361,0.6944444444444444,1220.7109375,498.265625
507,429,595,417,0.545940170940171,0.5625,1222.89453125,506.734375
578,409,670,403,0.5992176386913229,0.7916666666666666,1023.609375,662.0390625
569,403,667,396,0.5975609756097562,0.7916666666666667,1018.28125,662.94921875
562,400,661,392,0.5523255813953488,0.7692307692307693,1018.28125,662.94921875
560,399,660,390,0.5930232558139534,0.7857142857142857,966.8828125,672.32421875
562,401,663,393,0.5568181818181819,0.7666666666666666,823.08984375,684.44921875
566,405,669,397,0.5795454545454546,0.8461538461538461,823.08984375,684.44921875
566,402,671,394,0.5888888888888889,0.7366071428571428,744.1171875,682.125
573,392,680,385,0.6094562647754138,0.7104166666666667,593.7578125,680.58203125
584,377,692,372,0.6107954545454546,0.7666666666666666,483.15234375,669.3671875
591,378,700,375,0.6314459049544995,0.8214285714285714,478.33203125,672.48828125
596,407,703,404,0.6387814313346227,0.7083333333333333,282.2265625,711.8828125
601,405,708,403,0.6467095497278574,0.6770833333333333,229.51171875,729.1328125
613,399,719,398,0.6488095238095238,0.75,229.51171875,729.1328125
611,385,718,384,0.6416666666666666,0.6875,226.6953125,719.96875
610,379,717,380,0.6213346814964611,0.6770833333333333,214.38671875,694.05078125
606,394,716,397,0.6508704061895552,0.6470588235294117,205.32421875,668.70703125
606,400,713,396,0.6648129423660263,0.7214285714285715,187.2109375,635.046875
607,388,714,380,0.6655712841253791,0.6952380952380952,183.19140625,604.19140625
611,366,717,365,0.6853002070393375,0.7417582417582418,181.953125,592.33984375
613,362,720,362,0.6407867494824017,0.7595238095238095,172.9140625,525.5
616,362,721,364,0.6579365079365079,0.8846153846153846,159.0859375,469.03125
616,356,721,357,0.6625258799171843,0.7857142857142857,139.79296875,389.13671875
614,348,721,350,0.6299171842650104,0.6,139.79296875,389.13671875
615,350,719,349,0.6443768996960486,0.7142857142857143,148.5,319.5
613,347,717,345,0.6669376693766937,0.5906593406593407,130.49609375,267.296875
612,349,718,348,0.6669376693766937,0.7774725274725275,107.984375,221.55078125
615,349,721,348,0.6516563146997929,0.5857142857142856,90.04296875,172.2109375
617,351,722,349,0.6669376693766937,0.6428571428571428,90.04296875,172.2109375
603,364,713,360,0.6655844155844155,0.478021978021978,136.53515625,120.23046875
595,392,701,386,0.6715762273901809,0.6111111111111112,217.09375,75.98828125
590,395,694,388,0.6265700483091787,0.630718954248366,272.51171875,103.1953125
583,406,689,398,0.6640661938534279,0.6691176470588236,362.25390625,150.01953125
578,411,684,401,0.6276595744680851,0.6424148606811146,416.359375,222.078125
578,420,685,412,0.6521739130434783,0.6066176470588236,451.78515625,262.03125
577,423,682,414,0.6307328605200946,0.6215277777777778,457.0234375,265.4453125
574,408,679,401,0.6152173913043478,0.6981424148606811,502.19921875,252.7265625
569,389,674,379,0.6159420289855072,0.6691176470588236,589.9453125,201.56640625
568,378,672,370,0.6174242424242424,0.7573529411764706,644.93359375,189.3671875
567,373,670,366,0.5911193339500462,0.7279411764705883,644.93359375,189.3671875
566,371,670,361,0.6222222222222222,0.6552287581699346,707.9296875,170.34765625
562,365,665,359,0.6046511627906976,0.59375,744.4609375,161.04296875
539,387,650,381,0.5520833333333334,0.5555555555555556,748.22265625,165.0625
509,374,624,357,0.5006513243595311,0.45614035087719296,747.26953125,165.0625
493,295,614,280,0.5754716981132075,0.572463768115942,798.48046875,225.5625
485,228,607,216,0.5740740740740742,0.6669960474308301,809.078125,226.41015625
476,161,601,147,0.55993265993266,0.6452569169960474,809.078125,226.41015625
475,121,603,105,0.5701754385964912,0.6337792642140468,881.51171875,241.2109375
487,160,610,148,0.5592592592592592,0.7049689440993789,926.671875,244.328125
496,164,615,151,0.5596153846153846,0.6739130434782609,965.3515625,256.453125
495,182,614,168,0.5655555555555556,0.7159090909090908,1058.88671875,238.74609375
494,178,613,164,0.5604575163398693,0.7071428571428571,1085.91796875,237.94140625
492,172,610,159,0.547354790972993,0.6887351778656126,1159.6953125,173.87890625
486,172,604,156,0.5505244755244756,0.6669960474308301,1182.3203125,109.2265625
486,169,604,154,0.5453296703296704,0.698051948051948,1179.51171875,35.15234375
488,167,606,153,0.5414335664335664,0.6669960474308301,1113.99609375,39.0234375
489,169,607,153,0.5228758169934641,0.6590909090909091,1059.45703125,76.23046875
490,172,608,156,0.5511879804332634,0.6521739130434783,1040.94140625,112.47265625
486,184,592,171,0.42280390417036384,0.9583333333333333,1060.71484375,204.8203125
488,175,605,163,0.5760266370699223,0.8594771241830066,1090.9375,258.1015625
487,180,604,165,0.5553191489361702,0.8869047619047619,1093.046875,260.29296875
485,175,603,159,0.55119825708061,0.6921052631578948,1148.5234375,340.49609375
484,179,604,163,0.5480769230769231,0.7184210526315788,1162.1015625,398.14453125
481,184,598,168,0.543563579277865,0.6842105263157895,1165.828125,437.8515625
480,185,600,169,0.5462962962962963,0.6842105263157895,1190.46484375,522.09765625
483,189,602,173,0.5529788838612368,0.7434640522875817,1213.203125,573.65234375
482,191,604,178,0.5041928721174005,0.7105263157894737,1119.33203125,657.44921875
487,191,610,177,0.5041727140783745,0.7032163742690059,1119.33203125,657.44921875
494,192,614,178,0.5424528301886793,0.78125,1042.48046875,685.30078125
497,191,618,179,0.5622278664731495,0.7352941176470589,898.0546875,684.69140625
497,191,618,180,0.5704053109713487,0.7140522875816994,809.5,640.30078125
496,195,619,185,0.5849056603773585,0.7279411764705883,718.42578125,632.078125
498,192,624,183,0.5737179487179487,0.7279411764705883,703.51953125,632.078125
548,184,667,180,0.5797073546399691,0.6764705882352942,590.55078125,671.23046875
557,196,676,193,0.5825320512820513,0.7573529411764706,420.73828125,666.875
564,237,684,234,0.6647485080988917,0.64375,420.73828125,666.875
563,269,680,266,0.645075421472937,0.6176470588235294,420.73828125,666.875
559,275,674,272,0.6005967604433078,0.75,378.23828125,680.828125
557,271,672,267,0.5936587400917814,0.7666666666666666,258.296875,680.55078125
560,269,674,267,0.6202046035805626,0.775,160.171875,686.54296875
566,269,680,268,0.6141009595327492,0.7416666666666667,155.08203125,689.4140625
570,269,683,269,0.6459030100334449,0.7416666666666667,94.5390625,727.73828125
573,272,685,271,0.6233333333333333,0.6764705882352942,25.75,741.64453125
575,274,688,274,0.6344444444444444,0.7416666666666667,36.78515625,686.90625
576,270,690,270,0.637987012987013,0.7104166666666667,72.69921875,588.16796875
574,263,689,263,0.6289424860853432,0.6470588235294118,58.07421875,521.6328125
572,258,686,257,0.6455555555555555,0.7058823529411765,60.1328125,521.2890625
567,257,682,253,0.609750566893424,0.7196078431372549,81.1015625,358.67578125
568,252,685,249,0.645075421472937,0.7416666666666667,73.81640625,263.53125
571,244,686,239,0.643009377664109,0.5789473684210527,73.81640625,263.53125
573,243,688,241,0.6423123243677238,0.6754385964912281,64.06640625,211.3359375
572,245,688,242,0.6340826977117624,0.6657894736842105,39.75,135.3828125
575,240,691,238,0.6418269230769231,0.7032163742690059,120.24609375,86.85546875
573,236,689,234,0.6203703703703703,0.6578947368421053,120.24609375,86.85546875
565,239,681,233,0.6352201257861635,0.6213450292397661,186.30859375,92.15234375
550,250,671,243,0.6814725890356141,0.625,258.0859375,112.83984375
552,266,667,254,0.6084615384615384,0.6171052631578948,328.07421875,169.87890625
562,269,679,260,0.63559008509064,0.6491228070175439,438.53125,203.33984375
563,270,679,261,0.6206482593037215,0.6491228070175439,485.75,215.48828125
561,275,677,266,0.6176470588235294,0.6861111111111111,515.91015625,229.48828125
563,274,679,267,0.614313725490196,0.6666666666666667,632.859375,228.36328125
575,276,689,273,0.6012500000000001,0.6388888888888888,695.0859375,229.8515625
582,273,695,273,0.6116666666666667,0.7140522875816994,695.0859375,229.8515625
584,270,698,269,0.6092436974789917,0.6842105263157895,779.2109375,213.4375
586,267,698,265,0.5975765306122449,0.72953216374269,871.6875,186.44140625
588,263,700,260,0.59125,0.6944444444444444,873.80859375,184.31640625
586,261,698,256,0.5759574468085107,0.7352941176470589,919.875,190.8203125
582,257,693,252,0.5747549019607843,0.7105263157894737,972.8359375,175.29296875
577,256,687,249,0.5441176470588236,0.7105263157894737,1137.2890625,120.67578125
580,256,691,251,0.5480769230769231,0.6944444444444444,1154.37109375,113.59765625
584,257,696,252,0.5446808510638298,0.6944444444444444,1167.5859375,184.46875
578,259,693,251,0.5190076030412165,0.6333333333333333,1199.3203125,230.66015625
513,253,630,236,0.48916666666666664,0.48684210526315785,1216.23828125,263.703125
488,266,599,238,0.5208333333333333,0.7,1220.01171875,263.703125
461,276,572,239,0.4984802431610942,0.6956521739130435,1223.87890625,269.6484375
456,278,565,240,0.5243055555555556,0.6666666666666667,1235.2890625,289.19140625
458,285,565,250,0.5604453870625663,0.6525974025974026,1239.046875,343.109375
481,294,576,254,0.4647727272727272,0.6037549407114624,1239.046875,347.02734375
706,264,801,303,0.6241400875547217,0.5357142857142857,920.79296875,370.375
712,264,807,306,0.5944412932501418,0.5562770562770563,910.3203125,365.92578125
733,263,825,310,0.6097560975609757,0.5844155844155844,616.29296875,378.3359375
736,258,825,310,0.6220760233918128,0.5151515151515151,469.2890625,370.5234375
653,262,757,252,0.6210359408033828,0.38541666666666663,241.8203125,152.6875
635,263,736,253,0.6134366925064599,0.42463235294117646,274.0859375,142.46484375
619,265,721,253,0.6366925064599483,0.4540441176470588,275.9921875,142.17578125
603,267,707,251,0.6599483204134367,0.5422794117647058,335.28515625,130.609375
589,266,693,249,0.6710594315245478,0.5392156862745098,424.0703125,118.7421875
569,271,673,253,0.6086956521739131,0.5,498.6015625,132.328125
561,278,668,261,0.6698067632850242,0.6111111111111112,609.8046875,181.53515625
553,290,658,274,0.6304347826086957,0.6552287581699346,675.91015625,366.18359375
548,291,654,277,0.5862884160756501,0.6944444444444444,672.48046875,372.66796875
547,292,652,277,0.5973995271867611,0.7058823529411764,657.73046875,386.9609375
553,291,663,275,0.5557919621749409,0.53125,633.62890625,405.9140625
569,294,678,284,0.6026827012025902,0.71875,629.09765625,423.4375
569,294,678,285,0.6086956521739131,0.7104166666666667,629.09765625,423.4375
566,296,675,287,0.623959296947271,0.6672794117647058,609.7890625,478.96484375
567,299,676,291,0.624190564292322,0.7104166666666667,591.3515625,537.984375
573,305,682,296,0.6108156028368794,0.71875,601.28125,606.265625
574,306,682,297,0.6195652173913044,0.6901960784313725,601.28125,606.265625
579,312,688,304,0.5988179669030733,0.6479166666666667,528.10546875,687.6015625
587,313,696,308,0.6157004830917875,0.7104166666666667,408.76953125,693.97265625
592,311,700,306,0.6225296442687747,0.6607843137254902,370.35546875,681.921875
597,309,706,307,0.6230237154150198,0.6176470588235294,355.44921875,686.734375
605,308,713,309,0.6452569169960474,0.7333333333333333,317.2578125,703.66796875
612,309,719,311,0.6566205533596838,0.6862745098039216,277.26171875,702.34765625
621,306,726,313,0.6640546006066734,0.6770833333333333,199.46484375,700.97265625
629,304,734,311,0.6793650793650794,0.6862745098039216,177.19140625,698.77734375
636,303,740,313,0.6227465535524921,0.6901960784313725,174.96875,700.36328125
639,295,743,305,0.6414634146341464,0.6228070175438596,117.29296875,732.28125
641,296,744,306,0.6580063626723224,0.7140522875816994,72.1328125,674.33984375
642,295,745,307,0.6263888888888889,0.6213450292397661,83.8359375,583.43359375
641,291,745,302,0.6312056737588652,0.7140522875816994,81.01171875,563.640625
639,279,745,291,0.6203252032520326,0.5644736842105263,74.45703125,544.98828125
650,270,754,284,0.6780487804878048,0.5631578947368421,61.85546875,507.4765625
666,263,767,283,0.6681818181818182,0.5394736842105263,54.640625,471.34765625
672,264,773,284,0.664769647696477,0.625,58.41796875,426.53515625
669,258,771,278,0.7124661246612467,0.42500000000000004,58.41796875,419.65625
652,256,755,268,0.6801587301587302,0.45588235294117646,58.41796875,419.65625
632,262,737,261,0.6625258799171843,0.7333333333333333,50.83203125,387.671875
634,258,738,257,0.6425474254742547,0.7952380952380952,24.67578125,336.140625
657,256,760,263,0.6531850353892821,0.75,40.46875,337.9609375
645,258,747,265,0.6604767184035476,0.7275641025641025,40.96875,337.9609375
643,260,748,261,0.6579365079365079,0.7307692307692308,58.8046875,317.90234375
645,259,750,261,0.6655712841253791,0.7238095238095238,112.55859375,342.61328125
639,259,745,258,0.6525252525252525,0.6538461538461539,117.5546875,415.89453125
635,265,740,262,0.6604651162790698,0.7692307692307692,132.7578125,454.4765625
636,268,743,265,0.7039682539682539,0.7307692307692308,162.02734375,458.72265625
635,274,740,269,0.6764408493427705,0.6538461538461539,180.34765625,443.6171875
633,277,739,275,0.6493540051679586,0.7774725274725275,202.3046875,411.3046875
630,279,734,275,0.6520202020202019,0.75,272.65234375,375.3046875
618,278,724,275,0.6445560253699789,0.6547619047619048,415.4140625,345.62109375
608,279,714,272,0.6111111111111112,0.6529411764705882,427.06640625,341.0546875
618,276,725,268,0.6636363636363636,0.5714285714285714,453.68359375,339.0546875
641,274,747,271,0.6367149758454106,0.5809523809523809,506.84375,333.6171875
638,270,743,269,0.6152597402597402,0.59375,631.25,300.703125
615,272,720,266,0.6287878787878788,0.6875,711.484375,271.65625
609,271,714,265,0.6124031007751938,0.7083333333333333,711.484375,271.65625
605,248,707,240,0.5227272727272727,0.4797794117647059,749.2109375,250.5234375
594,221,708,215,0.6057142857142856,0.6636029411764706,767.32421875,245.515625
586,219,706,212,0.5969230769230769,0.6636029411764706,770.19921875,240.7421875
588,261,702,253,0.5500200080032013,0.4411764705882353,788.1953125,229.3203125
581,297,700,292,0.59375,0.5408496732026145,810.6796875,217.17578125
581,318,696,312,0.5903212348769296,0.5441176470588236,827.03515625,203.9375
575,331,692,328,0.5735294117647058,0.5588235294117647,882.81640625,190.22265625
572,337,688,328,0.5788485607008761,0.7,990.2890625,200.23828125
575,321,686,311,0.5988888888888888,0.7354166666666666,1009.2109375,199.71484375
581,324,694,315,0.5952685421994885,0.71875,1075.8359375,148.5703125
566,319,676,305,0.5683139534883721,0.6388888888888888,1147.4140625,91.95703125
540,327,647,306,0.6054421768707483,0.75,1194.99609375,90.1953125
524,334,634,308,0.5572441742654508,0.7017543859649122,1231.57421875,129.0859375
524,333,633,303,0.5270526815377314,0.7142857142857142,1227.2265625,162.0234375
546,312,654,282,0.5416666666666667,0.5,1227.6484375,180.796875
556,285,668,270,0.5632478632478632,0.6944444444444444,1222.86328125,250.29296875
559,248,669,242,0.53,0.6578947368421053,1217.3125,275.16015625
564,199,678,192,0.5275919732441472,0.6428571428571428,1209.0234375,324.09375
565,149,686,139,0.5409090909090909,0.6666666666666667,1206.609375,354.0703125
564,145,685,135,0.5409090909090909,0.7105263157894737,1205.66015625,388.89453125
548,192,665,182,0.5407119476268412,0.5526315789473684,1205.66015625,393.91015625
542,209,654,196,0.5549872122762148,0.6934210526315789,1205.66015625,393.91015625
526,237,631,220,0.5421768707482992,0.6578947368421053,1205.66015625,393.91015625
524,264,624,252,0.5052602436323367,0.6666666666666667,1205.66015625,393.91015625
556,308,648,299,0.5304878048780488,0.6333333333333333,1190.04296875,422.83984375
571,332,662,322,0.5769230769230769,0.7005494505494505,1191.29296875,581.69921875
576,335,664,325,0.5789473684210527,0.7142857142857143,1192.2265625,582.6328125
574,340,662,328,0.5526315789473684,0.6730769230769231,1217.28125,627.49609375
559,347,647,337,0.558029689608637,0.7595238095238095,1236.484375,655.01171875
547,351,634,336,0.558029689608637,0.6928571428571428,1200.77734375,680.8828125
554,346,641,332,0.5583670715249662,0.6538461538461539,1019.90625,688.54296875
567,340,656,328,0.513157894736842,0.6666666666666667,954.44921875,692.4453125
640,308,737,308,0.5991244527829893,0.6428571428571428,755.6953125,630.45703125
639,304,735,306,0.565911730545877,0.7774725274725275,755.6953125,630.45703125
588,309,683,294,0.5682926829268293,0.6000000000000001,719.8359375,604.9140625
582,293,680,279,0.6205331820760068,0.5809523809523809,624.46484375,555.7734375
590,288,687,282,0.5845150311968236,0.739010989010989,586.6484375,537.86328125
612,287,710,286,0.6071428571428572,0.8131868131868132,539.328125,503.32421875
621,283,718,286,0.6309523809523809,0.7333333333333333,487.546875,446.7890625
627,282,724,286,0.6428571428571428,0.7142857142857143,465.78125,381.42578125
631,276,729,284,0.6149825783972125,0.5147058823529411,428.64453125,372.14453125
638,278,735,288,0.6190476190476191,0.7333333333333333,376.8125,369.51171875
637,280,735,286,0.6437889960294951,0.6770833333333333,343.08203125,371.4921875
629,283,725,278,0.5955757231990925,0.6083333333333334,304.9140625,355.3125
616,283,713,275,0.6204545454545455,0.6,260.3671875,331.9453125
605,285,704,272,0.6406926406926408,0.6083333333333334,223.390625,287.3828125
602,284,703,272,0.65655133295519,0.6857142857142857,215.0703125,285.390625
605,282,703,273,0.652056277056277,0.7,130.84375,243.578125
611,278,711,271,0.647563676633444,0.6261904761904762,66.1328125,154.4765625
622,272,720,275,0.6710594315245478,0.5833333333333333,61.12109375,108.48046875
621,276,721,275,0.663961038961039,0.7,121.12109375,75.44921875
614,277,712,271,0.6401515151515151,0.5666666666666667,189.21484375,64.1484375
603,278,701,270,0.6472868217054264,0.45208333333333334,295.4140625,55.05078125
592,285,693,274,0.6326638477801269,0.625,378.328125,99.89453125
591,285,692,278,0.624031007751938,0.6875,407.203125,125.5625
599,284,698,279,0.6210359408033828,0.71875,407.8984375,125.328125
605,282,706,281,0.6096723044397463,0.7279411764705883,476.62890625,104.62109375
607,281,705,280,0.6094080338266386,0.6966911764705883,543.9375,121.06640625
599,289,699,281,0.5917312661498708,0.6672794117647058,626.20703125,189.7265625
591,293,691,281,0.5866807610993657,0.7083333333333333,715.734375,249.90625
579,284,678,277,0.5996677740863787,0.7595238095238095,966.70703125,221.8125
572,278,671,270,0.5785529715762274,0.7125,1045.984375,138.69140625
571,277,670,271,0.6012919896640827,0.71875,1068.81640625,112.2265625
562,279,661,272,0.5800865800865801,0.7104166666666667,1193.4375,132.6640625
559,280,656,272,0.5806277056277056,0.7104166666666667,1176.79296875,199.4296875
556,286,653,277,0.5761351052048727,0.7333333333333333,1213.27734375,307.69140625
554,288,651,277,0.5628964059196617,0.6875,1207.57421875,378.69140625
554,291,653,280,0.5573593073593074,0.75,1183.8984375,483.6796875
553,290,655,283,0.552048726467331,0.78125,1193.07421875,520.09765625
553,298,653,288,0.5558139534883721,0.7196078431372549,1193.07421875,521.5078125
553,300,652,289,0.5674418604651162,0.7104166666666667,1172.71484375,631.34375
557,304,656,293,0.5692640692640694,0.7595238095238095,1153.96484375,678.21484375
558,305,657,295,0.5925324675324675,0.7104166666666667,1117.57421875,710.2265625
563,304,663,295,0.5858879492600423,0.7595238095238095,979.96484375,615.828125
565,303,665,294,0.5742600422832981,0.8285714285714285,926.8125,560.23828125
569,300,669,291,0.5742600422832981,0.74375,870.5,547.31640625
575,302,675,295,0.5952020202020203,0.7104166666666667,781.671875,598.41015625
582,305,683,298,0.6136363636363636,0.7261904761904762,715.62890625,624.3046875
585,300,686,294,0.6210359408033828,0.75,711.1640625,625.4921875
597,276,698,278,0.5866807610993657,0.5666666666666667,592.00390625,643.45703125
603,279,703,277,0.6174242424242424,0.7666666666666666,485.94921875,638.6015625
599,281,700,277,0.6124031007751938,0.75,441.68359375,616.00390625
585,288,683,276,0.6472868217054264,0.5666666666666667,412.84375,587.28125
578,289,679,281,0.6412337662337663,0.7595238095238095,412.84375,587.28125
583,284,685,283,0.6559196617336152,0.7774725274725275,376.50390625,582.35546875
596,284,697,283,0.6594684385382059,0.6428571428571428,325.09765625,584.97265625
604,284,705,289,0.6478405315614618,0.7321428571428572,214.54296875,611.36328125
618,282,719,293,0.6713732004429679,0.7416666666666667,188.1171875,621.4921875
626,284,726,297,0.6478405315614618,0.6966911764705883,170.703125,637.3203125
632,286,731,301,0.6406926406926408,0.7140522875816994,108.73828125,670.5078125
632,287,730,302,0.6559841179807147,0.7196078431372549,64.75390625,705.4609375
631,290,729,301,0.6676120249574589,0.7752100840336134,39.96875,730.21875
623,297,722,294,0.6648255813953488,0.7,17.95703125,739.0078125
607,297,708,287,0.6614906832298137,0.5666666666666667,14.9609375,701.85546875
602,296,703,288,0.6579365079365079,0.7,36.23828125,640.59765625
599,293,700,284,0.6571428571428571,0.7666666666666666,38.7578125,590.9296875
595,288,696,277,0.6726718403547671,0.6666666666666666,38.7578125,561.4453125
591,282,692,271,0.6773255813953488,0.6948529411764706,36.4296875,486.859375
589,281,692,270,0.6970620842572062,0.7434640522875817,43.34375,415.546875
586,281,683,263,0.6401515151515151,0.6011029411764706,43.34375,415.546875
582,277,682,262,0.6848669623059866,0.7261029411764706,45.2265625,377.98828125
577,278,673,260,0.6193987521270561,0.6729166666666666,59.09765625,309.8203125
576,280,675,272,0.6872294372294372,0.8416666666666667,59.09765625,270.1171875
582,286,682,277,0.6976744186046512,0.6928571428571428,59.09765625,267.5
589,284,687,280,0.6472868217054264,0.7333333333333333,62.359375,207.86328125
594,280,693,275,0.652056277056277,0.7,77.66015625,175.7578125
598,272,698,274,0.6962305986696231,0.8,108.0546875,158.0703125
595,272,695,268,0.6801587301587302,0.65625,177.5625,142.52734375
590,273,689,270,0.652056277056277,0.71875,243.1875,128.62890625
585,276,685,269,0.663961038961039,0.7,272.1015625,125.62109375
584,279,683,273,0.652056277056277,0.7678571428571428,310.16796875,134.48046875
583,283,684,274,0.6525974025974026,0.6416666666666666,365.4296875,149.41796875
580,283,680,274,0.6326638477801269,0.59375,400.640625,161.91796875
575,285,674,276,0.6255813953488372,0.71875,454.125,171.90234375
568,283,668,272,0.6213002114164905,0.6875,514.046875,105.625
564,280,661,267,0.6162790697674418,0.65625,546.07421875,95.88671875
561,279,658,264,0.5905923344947734,0.6470588235294117,569.49609375,98.59375
561,278,659,264,0.6046511627906976,0.6341911764705883,643.91796875,121.46875
560,283,659,271,0.6046511627906976,0.71875,747.33984375,176.46875
558,292,656,278,0.6136363636363636,0.6691176470588236,854.91015625,206.0234375
551,291,649,280,0.5465116279069768,0.6875,854.91015625,206.0234375
549,291,647,280,0.5925324675324675,0.775,905.74609375,195.36328125
548,290,645,276,0.5952020202020203,0.6764705882352942,967.46875,155.93359375
546,288,644,277,0.6046511627906976,0.75,976.46875,141.671875
544,286,641,275,0.5806277056277056,0.6944444444444444,982.62109375,140.9296875
546,280,640,266,0.5517970401691332,0.6160990712074303,1085.4765625,86.03515625
546,277,643,267,0.5806277056277056,0.75,1153.18359375,88.5625
544,279,641,267,0.5919913419913421,0.6584967320261439,1182.984375,119.42578125
540,282,636,268,0.5515521064301552,0.6470588235294118,1196.00390625,173.4609375
537,286,633,273,0.5648255813953489,0.78125,1212.17578125,275.265625
537,287,633,273,0.5687229437229437,0.7573529411764706,1212.17578125,275.265625
541,287,637,273,0.5523255813953488,0.6944444444444444,1198.95703125,318.80078125
543,290,638,277,0.5642303433001108,0.7058823529411765,1186.5625,458.25
543,294,640,280,0.5687229437229437,0.7058823529411764,1185.921875,464.4765625
545,297,643,283,0.5454545454545454,0.6985294117647058,1187.23046875,554.98828125
547,298,646,285,0.5573593073593074,0.74375,1185.51171875,612.09765625
549,300,646,287,0.5692640692640694,0.7352941176470589,1181.17578125,649.22265625
547,303,645,291,0.5761351052048727,0.7058823529411765,1181.17578125,649.22265625
545,305,643,293,0.545995670995671,0.6672794117647058,1164.98828125,752.83203125
548,307,647,294,0.575858250276855,0.74375,1157.953125,760.8828125
551,308,648,296,0.5579004329004329,0.7279411764705883,1083.671875,746.4453125
553,308,651,297,0.5813953488372092,0.7104166666666667,1015.6171875,692.3046875
557,306,656,296,0.5858879492600423,0.775,940.91796875,611.578125
561,305,659,295,0.6088794926004228,0.775,916.375,619.6484375
563,303,662,294,0.6038961038961039,0.7104166666666667,761.84375,627.93359375
570,301,670,294,0.627906976744186,0.75,635.18359375,598.40625
575,299,674,293,0.6162790697674418,0.7857142857142857,602.796875,552.1015625
580,297,679,292,0.6363636363636364,0.7595238095238095,569.25390625,543.60546875
580,296,681,292,0.6316067653276956,0.75,513.70703125,529.29296875
583,297,683,292,0.6063131313131314,0.7666666666666666,419.9453125,425.59375
584,295,686,291,0.6445560253699789,0.6880952380952381,419.9453125,425.59375
588,295,687,292,0.6363636363636364,0.7333333333333333,386.25390625,422.7890625
589,294,690,290,0.6477272727272727,0.7261904761904762,329.55078125,401.08203125
595,292,695,289,0.6440274841437632,0.7,294.73046875,373.671875
596,289,696,287,0.627906976744186,0.7416666666666667,259.0,321.44921875
595,287,695,285,0.6406926406926408,0.7,247.875,319.40625
597,285,696,285,0.647563676633444,0.7595238095238095,186.10546875,263.34375
591,286,691,283,0.6594684385382059,0.7333333333333333,156.55078125,237.83203125
592,286,691,284,0.6559841179807147,0.775,122.03515625,210.8125
599,284,697,283,0.6604767184035476,0.6770833333333333,76.5703125,189.65234375
607,281,704,281,0.6596452328159645,0.625,34.515625,115.6015625
609,281,707,282,0.6414634146341464,0.7196078431372549,17.19140625,76.62109375
610,280,709,281,0.6604767184035476,0.7279411764705883,17.19140625,76.046875
609,278,707,279,0.6482815964523282,0.71875,32.80078125,44.2421875
605,277,703,273,0.6482815964523282,0.6166666666666667,64.44921875,39.02734375
602,278,701,273,0.6406926406926408,0.6,117.703125,42.97265625
595,280,693,273,0.6315938740782756,0.5770833333333334,152.88671875,49.05859375
590,282,689,275,0.652056277056277,0.6791666666666667,195.26953125,27.9765625
587,282,686,277,0.6440274841437632,0.75,250.7109375,130.12890625
587,283,687,278,0.6096723044397463,0.6966911764705883,312.2421875,180.08984375
587,288,688,281,0.6442917547568711,0.6875,360.0859375,159.2734375
583,289,682,281,0.6287878787878788,0.6985294117647058,419.8359375,137.8203125
579,288,680,280,0.6442917547568711,0.6791666666666667,496.5859375,143.3125
581,290,681,282,0.625,0.71875,498.890625,143.6796875
579,290,680,283,0.6149870801033592,0.71875,598.9921875,165.87890625
573,292,673,284,0.6046511627906976,0.7279411764705883,809.93359375,150.71875
567,292,667,284,0.569767441860465,0.7416666666666667,814.2578125,150.71875
565,293,665,281,0.5901808785529716,0.6691176470588236,868.26953125,153.21484375
563,292,662,281,0.5628964059196617,0.6378676470588236,945.5546875,145.66796875
562,293,661,282,0.5838383838383838,0.71875,1039.60546875,138.60546875
561,292,660,281,0.5399048625792813,0.6672794117647058,1056.43359375,134.2578125
563,291,661,281,0.5628964059196617,0.6966911764705883,1128.1953125,136.42578125
563,290,662,280,0.5502525252525252,0.7083333333333333,1190.328125,178.65625
561,292,660,281,0.5674418604651162,0.7279411764705883,1245.2578125,320.9609375
561,292,659,282,0.5616161616161616,0.7058823529411765,1245.2578125,320.9609375
557,292,656,284,0.5454545454545454,0.75,1208.84765625,418.21484375
559,293,658,283,0.5512684989429175,0.772875816993464,1206.41015625,471.53125
559,294,659,283,0.562632135306554,0.7352941176470589,1201.46875,525.14453125
558,294,659,283,0.55,0.7279411764705883,1186.7890625,598.2109375
559,295,659,285,0.5919913419913421,0.7361111111111112,1190.65234375,640.52734375
558,296,657,285,0.5616161616161616,0.7279411764705883,1188.6640625,689.17578125
560,297,659,285,0.5502525252525252,0.7058823529411764,1148.93359375,718.0546875
563,297,663,287,0.5813953488372092,0.7279411764705883,1057.27734375,719.76953125
565,297,665,288,0.5858879492600423,0.7058823529411765,1049.3515625,719.76953125
568,298,668,289,0.5628964059196617,0.75,1008.35546875,716.484375
574,298,674,289,0.6088794926004228,0.74375,822.921875,661.52734375
574,297,675,290,0.5952020202020203,0.7416666666666667,803.85546875,663.55078125
574,299,675,291,0.5983086680761099,0.7666666666666666,660.671875,692.03125
581,299,682,293,0.6136363636363636,0.775,557.09765625,697.234375
588,298,688,293,0.6255813953488372,0.74375,552.0703125,697.234375
596,298,696,293,0.6184343434343433,0.7666666666666666,392.29296875,682.06640625
600,298,702,293,0.6213002114164905,0.7125,390.01171875,682.06640625
604,296,705,294,0.6260981912144703,0.7,306.0703125,690.41015625
607,296,706,295,0.6287878787878788,0.7333333333333333,200.12109375,701.62109375
608,297,709,295,0.6531850353892821,0.7666666666666666,149.09375,721.03515625
607,299,707,296,0.652056277056277,0.7333333333333334,84.203125,742.75390625
608,299,710,296,0.6832041343669251,0.7,43.76171875,763.85546875
608,299,709,298,0.6604651162790698,0.7666666666666666,44.05078125,776.47265625
608,299,708,297,0.6522727272727273,0.7571428571428571,126.85546875,704.6328125
607,299,708,297,0.6832041343669251,0.7666666666666666,116.55078125,630.36328125
606,298,708,296,0.675865800865801,0.7666666666666666,100.24609375,613.15625
607,298,707,296,0.6786469344608879,0.7857142857142857,69.75,630.17578125
607,298,707,297,0.6556553911205074,0.7928571428571429,83.82421875,655.515625
602,299,704,295,0.6609819121447028,0.7279411764705883,102.41015625,665.37890625
582,295,683,286,0.6715762273901809,0.6595238095238095,59.71484375,609.125
625,294,722,289,0.6636856368563686,0.6333333333333333,54.61328125,582.0078125
628,292,725,293,0.6482815964523282,0.7366071428571428,49.2109375,553.26171875
620,290,718,287,0.6604767184035476,0.675,55.83203125,538.23828125
611,291,710,287,0.6848669623059866,0.7,51.546875,529.765625
613,289,712,285,0.6531976744186047,0.675,41.49609375,496.453125
616,285,714,282,0.6559841179807147,0.6666666666666666,44.78125,480.53515625
611,281,710,278,0.6682539682539683,0.7333333333333334,64.1484375,463.6484375
604,279,705,276,0.692063492063492,0.7083333333333333,68.0,457.6171875
595,279,695,276,0.6406926406926408,0.7729166666666667,69.4921875,441.3046875
581,280,681,274,0.688953488372093,0.875,105.7109375,411.796875
584,279,683,274,0.6726718403547671,0.7928571428571429,143.2578125,406.5625
583,280,683,274,0.6648255813953488,0.75,190.45703125,387.09375
575,281,675,272,0.6359357696566998,0.6333333333333333,216.08203125,340.390625
574,283,674,275,0.647563676633444,0.7666666666666666,221.0234375,330.390625
575,282,676,274,0.6491130820399114,0.6880952380952381,255.33984375,322.72265625
576,282,676,276,0.6287878787878788,0.7104166666666667,296.23046875,314.90234375
574,283,674,275,0.6406926406926408,0.7,311.421875,298.1171875
572,283,672,274,0.6174242424242424,0.6479166666666667,323.0,261.640625
574,283,674,276,0.6083380601247873,0.7104166666666667,323.0,261.640625
577,283,677,276,0.632161089052751,0.6666666666666666,344.26171875,240.23046875
581,283,681,277,0.6287878787878788,0.7333333333333333,373.00390625,226.21484375
580,284,681,276,0.6341269841269841,0.7333333333333334,405.03125,221.4296875
575,284,675,277,0.6210359408033828,0.7261904761904762,440.5625,195.75
573,284,674,276,0.6406926406926408,0.71875,440.5625,195.75
572,283,672,276,0.6287878787878788,0.71875,459.94921875,157.36328125
569,283,669,276,0.6096723044397463,0.7058823529411765,490.109375,138.1953125
559,286,658,274,0.613953488372093,0.625,507.234375,126.5234375
558,287,657,278,0.6055194805194806,0.78125,551.76171875,123.98046875
558,287,658,275,0.6210359408033828,0.6470588235294118,600.26171875,120.1328125
553,288,652,276,0.6096723044397463,0.71875,679.5859375,120.1328125
548,288,645,275,0.5930232558139534,0.71875,701.71484375,114.47265625
543,289,641,274,0.6088794926004228,0.6764705882352942,725.609375,114.1484375
539,288,638,273,0.5909090909090908,0.6862745098039216,770.98046875,113.14453125
532,289,628,268,0.5813953488372093,0.6397058823529411,821.0078125,100.3125
515,293,614,269,0.5357142857142857,0.6636029411764706,882.796875,79.2421875
523,292,619,268,0.552061310782241,0.6470588235294117,927.890625,79.2421875
531,289,627,267,0.5465116279069767,0.5882352941176471,966.0703125,66.3515625
546,287,642,270,0.517718715393134,0.5790441176470589,1029.00390625,71.8046875
560,285,658,275,0.5813953488372092,0.75,1136.25390625,68.0234375
559,285,658,276,0.5745243128964059,0.7104166666666667,1174.8828125,51.2265625
556,287,653,275,0.5505050505050505,0.6985294117647058,1176.91796875,37.171875
554,286,653,276,0.5502525252525252,0.6966911764705883,1201.06640625,35.52734375
557,287,656,276,0.5454545454545454,0.7279411764705883,1232.2734375,34.8671875
559,286,657,276,0.5628964059196617,0.71875,1262.3125,15.50390625
556,287,655,277,0.5399048625792813,0.7529411764705882,1265.75,27.62109375
557,286,657,277,0.5558139534883721,0.7279411764705883,1249.68359375,70.82421875
556,288,656,278,0.544702842377261,0.7156862745098038,1249.609375,116.93359375
558,288,655,277,0.5280303030303031,0.7083333333333333,1243.6484375,154.8359375
553,290,652,276,0.5454545454545454,0.6176470588235294,1235.171875,312.37890625
545,290,643,280,0.5348837209302326,0.75,1228.48046875,335.55078125
544,294,641,280,0.5515327695560254,0.7352941176470589,1236.96875,366.87890625
538,291,640,280,0.5102098695405559,0.7279411764705883,1238.546875,434.328125
541,292,639,279,0.5399048625792813,0.7573529411764706,1237.3515625,506.09375
550,285,649,279,0.5330749354005168,0.7261029411764706,1236.80078125,507.7421875
777,273,870,302,0.6043956043956045,0.59375,1145.26953125,521.5859375
777,276,872,300,0.6188315371525808,0.6029411764705883,1143.3125,521.3125
779,276,874,302,0.6022067363530779,0.5882352941176471,1127.9609375,533.4609375
803,277,896,311,0.6095238095238096,0.49226006191950467,1006.625,532.87109375
583,287,678,266,0.5952380952380952,0.53125,814.45703125,495.453125
555,291,650,266,0.5908826945412311,0.5625,849.57421875,461.890625
540,294,635,270,0.5714285714285714,0.684640522875817,878.04296875,398.37890625
532,295,627,270,0.6190476190476191,0.6764705882352942,878.04296875,396.77734375
527,297,622,273,0.6141114982578397,0.7058823529411765,947.49609375,326.828125
518,298,611,271,0.5845238095238096,0.6423611111111112,983.90234375,291.00390625
517,292,611,270,0.5944412932501418,0.6944444444444444,983.90234375,289.171875
523,282,617,262,0.558990357345434,0.6029411764705883,1007.62109375,248.15625
534,269,630,259,0.6339285714285714,0.7867647058823529,1043.70703125,211.859375
527,267,623,259,0.6088252832438878,0.7729166666666667,1069.01953125,182.8046875
520,270,616,259,0.5755813953488372,0.7928571428571429,1078.62109375,176.1171875
520,266,617,257,0.5884520884520885,0.80625,1153.78125,141.98046875
524,268,620,258,0.588953488372093,0.7352941176470589,1208.890625,72.0546875
527,265,624,258,0.5948121645796065,0.75,1220.8125,52.4296875
531,268,627,259,0.5831842576028623,0.7729166666666667,1206.98828125,56.91796875
549,267,647,258,0.5806277056277056,0.59375,1048.75390625,96.4921875
564,268,663,263,0.5919913419913421,0.7238095238095238,919.046875,112.66796875
567,268,667,261,0.5909090909090908,0.6928571428571428,864.078125,116.16796875
573,267,673,262,0.6071428571428572,0.7,787.79296875,117.5703125
577,267,676,263,0.6162790697674418,0.7461538461538462,729.8359375,97.703125
579,267,677,263,0.6162790697674418,0.6880952380952381,715.984375,98.4921875
581,266,680,264,0.5980443974630021,0.75,680.0078125,103.43359375
584,267,684,265,0.6096723044397463,0.7333333333333333,619.828125,117.09375
587,269,686,264,0.6096723044397463,0.6620879120879121,485.203125,133.33984375
589,269,689,267,0.632161089052751,0.7238095238095238,462.91796875,133.33984375
590,270,691,266,0.6359357696566998,0.7142857142857143,354.65234375,136.515625
590,270,690,268,0.647563676633444,0.7333333333333333,309.6171875,129.33984375
591,269,692,267,0.6547619047619048,0.75,309.6171875,129.33984375
592,270,691,268,0.652056277056277,0.7238095238095238,243.03125,117.33984375
592,270,692,266,0.6726718403547671,0.7,224.64453125,104.23046875
592,269,692,268,0.6585365853658536,0.7333333333333333,198.0,71.890625
599,267,699,264,0.6753774680603949,0.5641025641025641,156.703125,110.2734375
606,269,706,269,0.6604651162790698,0.75,101.75390625,241.48828125
609,271,709,270,0.6830011074197121,0.675,95.08984375,351.796875
608,272,709,273,0.675865800865801,0.7678571428571428,99.7578125,370.0
607,273,705,273,0.6401515151515151,0.7571428571428571,200.0234375,398.16015625
601,276,700,271,0.6591915836101883,0.6428571428571428,309.87890625,458.109375
596,281,696,275,0.647563676633444,0.65625,444.76171875,508.39453125
590,283,690,278,0.6168831168831169,0.7333333333333333,508.11328125,516.09765625
587,285,688,280,0.6213002114164905,0.7857142857142857,581.94921875,532.46875
581,288,681,279,0.627906976744186,0.71875,706.77734375,602.2421875
578,287,679,280,0.5993909191583611,0.7104166666666667,777.44140625,660.41015625
575,289,676,281,0.5909090909090908,0.7416666666666667,907.20703125,645.88671875
574,290,674,280,0.5866807610993657,0.7333333333333333,934.59765625,654.921875
571,288,671,277,0.5866807610993657,0.74375,940.55859375,654.921875
566,289,665,278,0.5877630121816169,0.7857142857142857,1088.0234375,729.140625
563,289,662,277,0.5642303433001108,0.7666666666666666,1131.19140625,751.65234375
559,289,659,277,0.5116279069767442,0.775,1171.78515625,692.03515625
563,288,662,276,0.5415282392026578,0.7666666666666666,1147.421875,674.0234375
559,289,659,275,0.5697674418604651,0.7666666666666666,1165.77734375,687.88671875
545,293,647,277,0.533008658008658,0.75,1208.63671875,720.5234375
536,295,633,277,0.5609756097560976,0.75,1230.59765625,719.07421875
519,299,618,276,0.5049833887043189,0.7647058823529411,1222.2890625,706.2578125
513,301,609,275,0.5298780487804878,0.7555147058823529,1209.484375,694.0625
508,304,601,276,0.5845238095238096,0.75,1209.484375,694.0625
510,304,606,275,0.5125,0.6601307189542484,1197.0625,698.3203125
530,303,631,290,0.5456608054452637,0.7333333333333333,1121.65234375,692.59375
578,289,675,288,0.565911730545877,0.875,1109.671875,679.67578125
587,286,686,286,0.5798780487804878,0.7692307692307693,1126.26171875,672.578125
591,285,690,286,0.5601190476190476,0.7774725274725275,1119.16015625,653.98046875
607,282,704,285,0.5731707317073171,0.739010989010989,1023.59375,634.78125
610,282,709,286,0.5853658536585367,0.7774725274725275,962.390625,673.15625
609,285,708,289,0.5877630121816169,0.8095238095238095,851.89453125,675.55859375
607,285,706,288,0.6112956810631229,0.7032967032967032,851.89453125,675.55859375
601,288,699,289,0.6149825783972125,0.8321678321678322,667.6875,642.3828125
599,286,697,287,0.6162790697674418,0.7774725274725275,662.5390625,592.05078125
597,286,695,285,0.5833333333333334,0.75,747.546875,558.19140625
584,288,684,284,0.6229235880398671,0.7417582417582418,825.046875,485.8828125
579,288,677,283,0.6019163763066202,0.7774725274725275,826.86328125,485.26953125
574,291,672,281,0.6149825783972125,0.75,986.8671875,498.8984375
565,293,662,280,0.5833333333333334,0.7857142857142857,1102.25,485.51171875
556,290,654,282,0.5778164924506388,0.75,1153.64453125,446.47265625
557,288,654,281,0.5706182643221781,0.75,1202.39453125,417.96484375
556,289,654,281,0.5687229437229437,0.75,1235.84765625,391.58984375
553,287,651,279,0.5806277056277056,0.7595238095238095,1235.84765625,391.58984375
555,289,652,279,0.5476190476190477,0.7595238095238095,1249.65625,348.1015625
560,287,659,277,0.5523255813953488,0.7666666666666666,1245.59375,272.35546875
566,286,663,276,0.5642303433001108,0.7333333333333334,1245.59375,262.94140625
568,284,667,274,0.563953488372093,0.7333333333333334,1252.09375,198.2265625
566,284,664,274,0.5584231423709586,0.7,1238.41015625,137.59765625
569,282,667,272,0.5642303433001108,0.6791666666666667,1188.03515625,86.296875
571,282,669,273,0.5761351052048727,0.6791666666666667,1099.984375,102.734375
573,283,670,274,0.5858879492600423,0.6880952380952381,983.08984375,144.66796875
578,283,674,276,0.5952380952380952,0.7104166666666667,749.3828125,156.2578125
579,283,677,277,0.6071428571428572,0.7333333333333333,749.3828125,156.2578125
582,283,680,277,0.6162790697674418,0.7238095238095238,680.67578125,159.72265625
591,287,691,283,0.6046511627906976,0.65625,603.25,186.44140625
596,286,694,283,0.6121262458471761,0.7,550.640625,258.34375
600,284,699,280,0.6121262458471761,0.6333333333333333,480.828125,224.5
602,283,700,282,0.6162790697674418,0.7083333333333333,417.69140625,203.55859375
604,283,703,283,0.6359357696566998,0.7333333333333333,359.69140625,169.671875
604,284,704,282,0.6359357696566998,0.7083333333333333,338.32421875,123.796875
605,282,703,279,0.6315938740782756,0.6333333333333333,338.32421875,123.796875
610,281,708,281,0.6199659671015315,0.7008928571428572,316.29296875,93.58984375
615,282,714,280,0.647563676633444,0.7,283.9375,71.69921875
613,281,712,282,0.652056277056277,0.7678571428571428,188.1875,93.30859375
611,283,710,282,0.6591915836101883,0.7083333333333333,103.6015625,276.8671875
613,284,713,283,0.6710963455149501,0.675,111.68359375,360.80078125
613,284,713,285,0.652056277056277,0.775,125.8046875,411.37109375
611,284,711,285,0.6726718403547671,0.7416666666666667,125.8046875,411.37109375
611,285,711,285,0.6672832980972516,0.71875,112.52734375,536.76171875
611,285,711,287,0.663961038961039,0.775,127.39453125,578.01171875
610,287,709,287,0.647563676633444,0.7678571428571428,121.93359375,653.5234375
609,288,708,288,0.6406926406926408,0.7928571428571429,90.01171875,670.4765625
610,288,711,287,0.675865800865801,0.7461538461538462,85.80859375,680.57421875
612,289,712,288,0.663961038961039,0.7571428571428571,47.77734375,738.65625
613,289,713,290,0.6798071469086784,0.7928571428571429,28.43359375,709.796875
613,288,713,290,0.675865800865801,0.7512820512820513,38.13671875,652.3671875
613,289,712,290,0.6676120249574589,0.7928571428571429,90.39453125,619.31640625
611,290,711,291,0.6525974025974026,0.7857142857142857,147.60546875,635.44140625
610,291,709,292,0.6591915836101883,0.7416666666666667,227.0234375,645.05078125
608,291,707,291,0.6631823461091754,0.7,305.87890625,576.58984375
603,291,703,290,0.6478405315614618,0.7774725274725275,305.87890625,576.58984375
601,292,700,289,0.6406926406926408,0.7571428571428571,371.953125,555.5
598,292,698,290,0.624031007751938,0.7416666666666667,429.70703125,573.4375
594,293,694,290,0.627906976744186,0.7333333333333333,493.15625,564.61328125
592,292,691,288,0.6356589147286822,0.7666666666666666,549.6640625,514.2578125
586,288,686,283,0.6124031007751938,0.7802197802197802,550.4921875,512.48046875
579,288,677,281,0.639082462253194,0.7104166666666667,602.54296875,533.83984375
574,290,672,281,0.6309523809523809,0.7666666666666666,659.16015625,544.6640625
573,290,672,282,0.627906976744186,0.7857142857142857,705.93359375,514.59765625
573,291,671,283,0.6004983388704319,0.8,766.91015625,508.54296875
571,290,669,282,0.6121262458471761,0.7857142857142857,840.9609375,548.76171875
572,290,670,283,0.6121262458471761,0.7928571428571429,907.0546875,541.09375
571,291,669,281,0.58859357696567,0.7,915.109375,529.7109375
569,289,668,282,0.569767441860465,0.7595238095238095,994.86328125,534.953125
568,290,666,282,0.5795454545454546,0.7333333333333333,1059.84765625,516.93359375
561,287,657,276,0.5296234772978959,0.7333333333333334,1095.05078125,461.578125
560,284,658,272,0.5642303433001108,0.65625,1125.5,435.51953125
561,284,657,275,0.5409745293466224,0.7666666666666666,1131.8515625,434.72265625
561,286,658,277,0.5581395348837209,0.75,1171.63671875,423.78125
556,287,654,275,0.5833333333333334,0.7666666666666666,1175.12890625,396.22265625
563,284,663,276,0.5775261324041812,0.7595238095238095,1153.29296875,379.65625
568,284,667,275,0.569767441860465,0.7571428571428571,1110.04296875,308.34765625
568,283,667,275,0.5656213704994193,0.7104166666666667,1104.83984375,214.80859375
568,284,666,275,0.5595238095238095,0.75,1081.03515625,176.375
569,283,667,275,0.5642303433001108,0.7595238095238095,1064.83203125,167.51953125
570,283,669,273,0.5813953488372092,0.65625,998.1328125,141.3828125
570,284,668,273,0.5534330011074198,0.6785714285714286,919.7265625,119.9921875
572,284,670,274,0.5877630121816169,0.6333333333333333,908.33203125,119.9921875
573,284,671,276,0.6071428571428572,0.75,831.47265625,130.1484375
574,284,673,277,0.6046511627906976,0.7595238095238095,735.39453125,164.5625
575,285,674,277,0.6162790697674418,0.7261904761904762,676.7265625,160.6171875
576,284,675,278,0.6210359408033828,0.7416666666666667,602.60546875,161.72265625
576,285,676,278,0.6162790697674418,0.7595238095238095,545.0546875,151.1171875
579,285,678,278,0.627906976744186,0.7366071428571428,505.6328125,113.45703125
581,285,680,279,0.627906976744186,0.7238095238095238,476.08984375,109.7109375
596,283,694,278,0.6237541528239203,0.6166666666666667,397.328125,80.4296875
598,282,696,280,0.6190476190476191,0.64375,397.328125,77.6953125
596,282,695,279,0.6121262458471761,0.6880952380952381,351.2109375,73.0
596,281,696,281,0.6260981912144703,0.7595238095238095,290.4453125,61.5
599,282,698,281,0.6440274841437632,0.7595238095238095,273.07421875,56.02734375
600,282,699,281,0.6295454545454545,0.7333333333333333,248.80859375,32.67578125
601,282,701,281,0.6556553911205074,0.7,248.109375,32.67578125
601,281,701,281,0.6525974025974026,0.7333333333333333,166.3984375,32.67578125
601,281,702,280,0.663961038961039,0.6770833333333333,137.7265625,42.0703125
602,282,701,282,0.652056277056277,0.6651785714285714,112.01171875,97.63671875
604,283,704,282,0.6525974025974026,0.7238095238095238,84.875,140.88671875
607,284,706,284,0.6840354767184036,0.7416666666666667,59.37109375,193.88671875
605,284,705,282,0.6682539682539683,0.7333333333333334,106.87109375,274.36328125
603,285,703,281,0.6872294372294372,0.6416666666666666,105.7734375,347.09765625
602,285,702,284,0.663961038961039,0.7416666666666667,93.94921875,372.65625
605,285,705,285,0.647563676633444,0.7416666666666667,93.94921875,372.65625
610,284,710,285,0.6599483204134367,0.7928571428571429,61.49609375,441.39453125
608,281,710,280,0.6786469344608879,0.675,45.21484375,558.05859375
604,280,708,282,0.6789112050739958,0.7928571428571429,71.1484375,594.5078125
602,281,705,283,0.6522727272727273,0.7928571428571429,101.2734375,584.43359375
599,281,703,282,0.6590909090909092,0.7416666666666667,101.2734375,584.19921875
597,280,701,280,0.6788537549407114,0.7666666666666666,102.2265625,562.03515625
595,278,698,278,0.6520202020202019,0.7416666666666667,96.6171875,526.296875
589,274,687,277,0.5952020202020203,0.5854166666666667,91.6328125,493.62109375
583,276,687,275,0.6633838383838384,0.46875,95.59765625,487.5
572,283,672,275,0.6818181818181818,0.6166666666666667,115.9375,455.30859375
573,280,673,276,0.5954545454545455,0.5,423.56640625,382.8359375
567,281,668,276,0.6,0.45208333333333334,527.86328125,357.25
563,282,671,276,0.6222222222222222,0.5165441176470589,553.05078125,354.3515625
